1995-04-01,2.32709722465041,2.3518535781041376,2.1538027504743154,2.1909372806549072,85052800.0,0.0,0.0
1995-05-01,2.2280708250108656,2.2899616812611674,2.0547764275100207,2.2528271675109863,21669600.0,0.0,0.0
1995-06-01,2.265205600163708,2.4261218449840807,2.2280710821282375,2.259016513824463,11953600.0,0.0,0.0
1995-07-01,2.2528279604536765,2.3023406628812295,2.1042898531710166,2.203315258026123,10532000.0,0.0,0.0
1995-08-01,2.203314482510745,2.3023398525112277,1.9557510575095376,2.2528271675109863,23817600.0,0.0,0.0
1995-09-01,2.2033157304481223,2.747955573929681,2.1785593739262334,2.6736865043640137,11662400.0,0.0,0.0
1995-10-01,2.5746604674453035,2.747954921984891,2.500391415499766,2.698442220687866,14925600.0,0.0,0.0
1995-11-01,2.772711819615857,2.995519019406417,2.698442753019004,2.871737241744995,9320000.0,0.0,0.0
1995-12-01,2.871737263419411,3.391620733521201,2.871737263419411,3.267838954925537,6960800.0,0.0,0.0
1996-01-01,3.218325939178467,3.2678386459350586,3.069787818908692,3.0945441722869873,7048800.0,0.0,0.0
1996-02-01,3.045031730470986,3.1440571526001238,2.772711819615857,2.871737241744995,12864000.0,0.0,0.0
1996-03-01,2.77271184054288,3.3668643778020684,2.77271184054288,3.267838954925537,9526400.0,0.0,0.0
1996-04-01,3.2183259891139135,3.713453064362208,3.2183259891139135,3.5649149417877197,5693600.0,0.0,0.0
1996-05-01,3.49064564704895,3.6886964639027915,3.267838478088379,3.3421075344085693,30480000.0,0.0,0.0
1996-06-01,3.329729679831885,3.614427756546135,3.131678843856754,3.292595148086548,13461600.0,0.0,0.0
1996-07-01,3.267838668823242,3.453511320460926,2.7603334210135717,3.403998613357544,13656800.0,0.0,0.0
1996-08-01,3.3792422404054734,3.8248566017776238,3.3544858869959095,3.775343894958496,9010400.0,0.0,0.0
1996-09-01,3.7505872088871643,4.406630516052246,3.663939979638946,4.406630516052246,11186400.0,0.0,0.0
1996-10-01,4.406630299435956,4.530412049420112,3.9733941744914096,4.196201324462891,8462400.0,0.0,0.0
1996-11-01,4.171444437238906,4.183822610643175,3.7258301946851944,3.8991246223449707,7920800.0,0.0,0.0
1996-12-01,3.899125132536023,4.777975559234619,3.899125132536023,4.777975559234619,6302400.0,0.0,0.0
1997-01-01,4.753220383001834,4.976027588455044,4.20858054744954,4.852245807647705,9121600.0,0.0,0.0
1997-02-01,4.852245283481797,5.124565171840469,4.555169041635972,4.988405227661133,13240800.0,0.0,0.0
1997-03-01,4.988406688145229,5.2483484758649555,4.332363128662109,4.332363128662109,10888000.0,0.0,0.0
1997-04-01,4.344740615171545,4.604682361378389,4.295227901608336,4.419009685516357,12896000.0,0.0,0.0
1997-05-01,4.4437654123278305,4.567547178687938,4.084798289883521,4.220958232879639,19656000.0,0.0,0.0
1997-06-01,4.233337129865374,5.087431463083827,4.183824414896189,4.9388933181762695,21076000.0,0.0,0.0
1997-07-01,4.9141370679469825,4.9141370679469825,4.468522623498389,4.654195308685303,15296000.0,0.0,0.0
1997-08-01,4.641819089539489,5.143135551209753,4.573739076226243,4.957462787628174,19429600.0,0.0,0.0
1997-09-01,4.9574605135994165,6.461409208736318,4.9574605135994165,5.786798477172852,32925600.0,0.0,0.0
1997-10-01,5.786798085485185,6.189088861481482,5.47115455354963,5.892012596130371,22565600.0,0.0,0.0
1997-11-01,5.9043922461137806,6.42427584011122,5.792988618828614,6.411897659301758,13654400.0,0.0,0.0
1997-12-01,6.411892987116213,6.566620134488708,5.149319464556649,5.768228054046631,15822400.0,0.0,0.0
1998-01-01,5.7682284466741365,5.885821086681442,5.310236059277263,5.607312202453613,20896800.0,0.0,0.0
1998-02-01,5.632069177097744,6.275734225908915,5.613501916074345,5.792985439300537,21123200.0,0.0,0.0
1998-03-01,5.805365537655329,6.0343618328506885,5.446398372213955,5.953903675079346,23102400.0,0.0,0.0
1998-04-01,5.941524155643008,6.337625766019209,5.334993564754451,5.396884441375732,24723200.0,0.0,0.0
1998-05-01,5.384506702423096,5.545422994679418,4.988405059945994,5.384506702423096,31643200.0,0.0,0.0
1998-06-01,5.39688447903271,6.93177822995027,5.112186444588325,6.504731178283691,29842400.0,0.0,0.0
1998-07-01,6.560432374575259,7.996300592406826,6.238599842992322,7.538308143615723,72313600.0,0.0,0.0
1998-08-01,5.396883585855147,5.669203399820315,4.6170586640458025,4.660382270812988,65387200.0,0.0,0.0
1998-09-01,4.654194110296624,6.325247846706316,4.40353604983517,5.390695571899414,28546400.0,0.0,0.0
1998-10-01,5.390694908078435,5.8796327929672945,4.542789968461046,5.192644119262695,23926400.0,0.0,0.0
1998-11-01,5.21739989798516,6.4861626252532005,5.211210811510682,6.337624549865723,27824800.0,0.0,0.0
1998-12-01,6.343815853962531,6.461408538084764,5.892012383387639,6.436652183532715,9957600.0,0.0,0.0
1999-01-01,6.411892672507993,8.194349322780486,6.411892672507993,7.674466133117676,20722400.0,0.0,0.0
1999-02-01,7.699225380991772,7.7796835240407205,7.061749324527018,7.389770984649658,36176000.0,0.0,0.0
1999-03-01,7.3897714074394605,7.612578585553213,6.622324460603202,6.770862579345703,17418000.0,0.0,0.0
1999-03-25,,,,,,0.0,2.0
1999-04-01,6.733730066441521,6.733730066441521,4.753221223370486,5.48353385925293,38118000.0,0.0,0.0
1999-05-01,5.520665358287335,6.300490285579044,5.520665358287335,5.8548760414123535,19239600.0,0.0,0.0
1999-06-01,5.8796325150658095,5.892010688781738,4.951269486371208,5.050294876098633,21460400.0,0.0,0.0
1999-07-01,5.06267328028168,5.792985562767302,4.678949877619743,5.545422077178955,21103600.0,0.0,0.0
1999-08-01,5.669206967942651,5.842501504080636,5.000785185696138,5.112188816070557,18812800.0,0.0,0.0
1999-09-01,5.149322066898396,5.297860203443542,4.542791342672383,4.691329479217529,17302400.0,0.0,0.0
1999-10-01,4.703707277774811,4.753219985961914,2.178559160232544,2.9707624912261963,58574400.0,0.0,0.0
1999-11-01,2.9955194791158037,2.9955194791158037,2.3270977771643433,2.4508795738220215,53966400.0,0.0,0.0
1999-12-01,2.475635505016939,3.0697880262210044,2.289962842140669,3.007897138595581,29003600.0,0.0,0.0
2000-01-01,3.0697871175305598,4.716084241044933,2.772710944866312,3.589670419692993,36031600.0,0.0,0.0
2000-02-01,3.9115022855766854,3.998149488105283,2.7231977937559204,2.8841140270233154,37830400.0,0.0,0.0
2000-03-01,2.8964934289455413,3.3544859796762467,2.376609992980957,2.9707624912261963,30656000.0,0.0,0.0
2000-04-01,2.9583852045238017,3.9610178470611572,2.8222252160310743,3.9610178470611572,16206800.0,0.0,0.0
2000-05-01,3.9610168614338357,5.149321919863986,3.4906461091385674,4.802732944488525,31984800.0,0.0,0.0
2000-06-01,4.852244863822418,6.411894998622481,4.777975809784319,6.142669677734375,32060800.0,0.0,0.0
2000-07-01,6.1767100989285435,7.179342399556223,5.743473919644979,6.919400691986084,27183200.0,0.0,0.0
2000-08-01,6.919401283365977,7.624957407072346,6.622325020752768,6.956535816192627,22705200.0,0.0,0.0
2000-09-01,6.91940206796565,9.506441481569981,6.325249475367526,9.308390617370605,31288800.0,0.0,0.0
2000-10-01,9.407411149937472,9.803512672040101,7.860139579224072,8.602829933166504,56803200.0,0.0,0.0
2000-11-01,8.479048800347421,10.348152988453203,7.600198486734769,9.754000663757324,43994800.0,0.0,0.0
2000-12-01,9.70449156808381,10.632854919622439,7.934412111150156,10.001567840576172,68394800.0,0.0,0.0
2001-01-01,9.952056298604887,10.558587092922847,7.946791223512858,9.472773551940918,58522400.0,0.0,0.0
2001-02-01,9.585658737965494,11.348310352396656,9.161829403909744,10.639288902282715,34512800.0,0.0,0.0
2001-03-01,10.714549161434876,11.481006386068186,8.31813451890445,9.71439266204834,82795200.0,0.0,0.0
2001-04-01,9.763906861132218,10.972017512702829,9.338097982258155,10.694746017456055,54594400.0,0.0,0.0
2001-05-01,10.65513694598788,11.576073818848688,9.902543770528538,11.429515838623047,62020400.0,0.0,0.0
2001-06-01,11.441401769334119,12.378182532752296,10.892800628822021,10.962118148803711,67633600.0,0.0,0.0
2001-07-01,10.952208938534254,11.932560536175586,10.322407342740613,11.514673233032227,60687600.0,0.0,0.0
2001-08-01,11.556263801640629,13.170378113204867,10.865066937277891,12.762393951416016,134524800.0,0.0,0.0
2001-09-01,12.734669453718395,14.178458729187017,12.328664632501889,14.051706314086914,91910800.0,0.0,0.0
2001-10-01,14.097254820454378,14.25965640237445,12.475219176665645,12.58810806274414,105876800.0,0.0,0.0
2001-11-01,12.774279410097778,12.774279410097778,10.665037623903284,11.784025192260742,154072000.0,0.0,0.0
2001-11-15,,,,,,0.00625,0.0
2001-12-01,11.888443243936957,12.72063366633505,11.16919221604165,12.591842651367188,84839200.0,0.0,0.0
2002-01-01,12.59183959050737,12.918771246736048,11.218724669145542,12.82564640045166,104930800.0,0.0,0.0
2002-02-01,12.780070324538906,13.45176692298621,12.15592705286236,13.414119720458984,68496800.0,0.0,0.0
2002-02-19,,,,,,0.00625,0.0
2002-03-01,13.421344398997515,14.057624177696464,12.804886123454683,13.538293838500977,79034800.0,0.0,0.0
2002-04-01,13.540274953085838,15.797978495221562,12.8841736701227,15.361899375915527,105694800.0,0.0,0.0
2002-05-01,15.252873991547222,15.758330479774038,14.586861412551468,15.280624389648438,77173600.0,0.0,0.0
2002-05-16,,,,,,0.00625,0.0
2002-06-01,15.285670161660834,16.42778323686415,14.750305461325057,15.069541931152344,89495200.0,0.0,0.0
2002-07-01,14.891083282195362,14.940654133010115,11.151458932098961,13.283004760742188,175739600.0,0.0,0.0
2002-08-01,13.284977540056424,14.712616312382876,12.259853516824016,14.377518653869629,74188000.0,0.0,0.0
2002-08-15,,,,,,0.00625,0.0
2002-09-01,14.38466393293389,14.638558898092965,13.309583185741806,14.166474342346191,89154400.0,0.0,0.0
2002-10-01,14.216073064843737,15.263385055166824,13.835232616239963,14.112929344177246,106063200.0,0.0,0.0
2002-11-01,14.112927134378834,14.569141710753952,11.107855271622947,11.50853157043457,202236400.0,0.0,0.0
2002-11-14,,,,,,0.00625,0.0
2002-12-01,11.747006063643248,12.659779868911137,9.96114367833439,10.776687622070312,193430400.0,0.0,0.0
2003-01-01,10.963212038306114,11.848205986789822,10.437374416042852,11.548578262329102,149771200.0,0.0,0.0
2003-02-01,11.576362264220105,11.60811091336337,10.248870878423755,10.91360855102539,107762400.0,0.0,0.0
2003-02-12,,,,,,0.00625,0.0
2003-03-01,10.918414524623326,11.013702415055429,9.062284358349695,10.422122955322266,144959600.0,0.0,0.0
2003-04-01,10.412194284108681,11.569545497441242,9.85833287013825,11.484183311462402,133300800.0,0.0,0.0
2003-05-01,11.486170629921652,12.445005416870117,11.11692963170372,12.445005416870117,121477600.0,0.0,0.0
2003-05-15,,,,,,0.00625,0.0
2003-06-01,12.471967961682218,14.19977261295932,12.362739093100947,13.772786140441895,127046800.0,0.0,0.0
2003-07-01,13.752922840205057,14.58504963120767,12.261450963726853,12.529558181762695,125420000.0,0.0,0.0
2003-08-01,12.529556249970732,12.648714826816741,11.161215233865615,11.560397148132324,106855600.0,0.0,0.0
2003-08-14,,,,,,0.00625,0.0
2003-09-01,11.672392263560932,11.777691900176448,10.500185758613414,10.738600730895996,196860000.0,0.0,0.0
2003-10-01,10.788268671686327,11.702192452154337,10.53991994186896,11.279006004333496,123114800.0,0.0,0.0
2003-11-01,11.280994353428023,13.049237909564711,11.07834166494784,12.574395179748535,120536400.0,0.0,0.0
2003-11-13,,,,,,0.00625,0.0
2003-12-01,12.629020993525835,13.191503713405249,11.072753192472488,11.394740104675293,109966000.0,0.0,0.0
2004-01-01,10.6831901152981,11.527907473251904,10.504308489158143,10.941574096679688,197248800.0,0.0,0.0
2004-02-01,10.963435489520087,11.625296627223927,10.901820549941762,11.533867835998535,86153200.0,0.0,0.0
2004-02-11,,,,,,0.00625,0.0
2004-03-01,11.572764978411957,11.821320924002709,10.290216147457162,10.872831344604492,110377600.0,0.0,0.0
2004-04-01,10.870841451431474,11.811377728734145,10.64018158592475,11.51112174987793,93058800.0,0.0,0.0
2004-05-01,11.540945058654236,12.31445071899134,11.409707604182287,11.926703453063965,99546400.0,0.0,0.0
2004-05-14,,,,,,0.00625,0.0
2004-06-01,11.93377308121482,12.319695780685647,11.559785658117583,11.891997337341309,68556400.0,0.0,0.0
2004-07-01,11.24945747111371,11.24945747111371,10.370189883230797,10.75412368774414,126295200.0,0.0,0.0
2004-08-01,10.75411978145151,10.865519719843169,9.894745142276479,10.762076377868652,100769200.0,0.0,0.0
2004-08-19,,,,,,0.00625,0.0
2004-09-01,10.789107374816147,11.3045803543216,10.510473803786223,10.689595222473145,106042400.0,0.0,0.0
2004-10-01,10.743331045749915,11.117496922230186,9.99698996084421,10.954297065734863,150746800.0,0.0,0.0
2004-11-01,10.954299126724159,11.839957532620689,10.83886465278271,11.730493545532227,118928800.0,0.0,0.0
2004-11-18,,,,,,0.00625,0.0
2004-12-01,11.78533033430852,12.747032031512836,11.197955958115378,11.683784484863281,154972400.0,0.0,0.0
2005-01-01,11.683782731800534,11.737542559162348,11.130256801959828,11.604138374328613,110463200.0,0.0,0.0
2005-02-01,11.58422711969066,12.324917026877165,11.55834259079843,11.92669677734375,102012800.0,0.0,0.0
2005-02-16,,,,,,0.00625,0.0
2005-03-01,11.957428484133837,12.62870230810544,10.547157425164562,11.411645889282227,117610800.0,0.0,0.0
2005-04-01,11.383755725318219,12.309992587156456,11.162653792407955,12.206413269042969,150144000.0,0.0,0.0
2005-05-01,12.184507865729538,13.286033378902188,12.114791349650144,12.861757278442383,85019600.0,0.0,0.0
2005-05-19,,,,,,0.00625,0.0
2005-06-01,12.892508904358575,13.841015439454857,12.731103939455213,13.779243469238281,95828000.0,0.0,0.0
2005-07-01,13.847000484769143,14.406939244251598,13.659691389680034,14.305313110351562,89836000.0,0.0,0.0
2005-08-01,14.305309551094203,14.976836669956052,13.940652323925338,14.879195213317871,63715200.0,0.0,0.0
2005-08-18,,,,,,0.00625,0.0
2005-09-01,14.860393519902992,15.757399128247991,14.651091602968298,15.408563613891602,75884000.0,0.0,0.0
2005-10-01,15.448428292891137,15.667696003210484,14.615209777036027,15.203246116638184,87180000.0,0.0,0.0
2005-11-01,15.099595949489323,16.08430936011276,14.94610897664753,16.01653480529785,73193600.0,0.0,0.0
2005-11-22,,,,,,0.0125,0.0
2005-12-01,15.857140260700456,16.82452524269192,15.675630126010903,16.515361785888672,71980400.0,0.0,0.0
2005-12-29,,,,,,0.0,2.0
2006-01-01,16.511371138018333,17.71212646854291,16.080536435448593,17.408945083618164,71407600.0,0.0,0.0
2006-02-01,17.508674218111448,18.661557756675123,17.069860930537143,18.346410751342773,53398200.0,0.0,0.0
2006-02-15,,,,,,0.0125,0.0
2006-03-01,18.460728573188643,19.41469895205105,17.929857161189844,19.267013549804688,56509400.0,0.0,0.0
2006-04-01,19.318908475854453,19.54243205519546,17.13155971630185,17.223365783691406,75341600.0,0.0,0.0
2006-05-01,17.223366642690728,17.901922139692743,17.159502542173822,17.39899253845215,60530000.0,0.0,0.0
2006-05-18,,,,,,0.0125,0.0
2006-06-01,17.51274985068994,17.74838327015832,16.0350503465241,16.7419490814209,65863400.0,0.0,0.0
2006-07-01,16.749938828900266,17.56067846612707,16.330591581235936,17.173280715942383,48020400.0,0.0,0.0
2006-08-01,17.153318223179767,17.964056626797962,16.861771908201348,17.636566162109375,55962600.0,0.0,0.0
2006-08-17,,,,,,0.0125,0.0
2006-09-01,17.778521812631585,18.749565732180372,17.314977604678745,18.06224250793457,44474800.0,0.0,0.0
2006-10-01,18.1341729321216,19.037284422301425,17.958344810146897,18.86145782470703,47702200.0,0.0,0.0
2006-11-01,18.881439800155988,19.181145193809257,17.83446938515376,18.3779354095459,71266000.0,0.0,0.0
2006-11-16,,,,,,0.025,0.0
2006-12-01,18.497520558182032,19.209578577611467,17.717456157411466,17.985477447509766,65233200.0,0.0,0.0
2007-01-01,18.033487300895587,21.76179451727156,18.033487300895587,20.95372772216797,73207400.0,0.0,0.0
2007-02-01,20.961727418020857,22.20982980829245,20.781712283365188,21.041732788085938,40474000.0,0.0,0.0
2007-02-23,,,,,,0.025,0.0
2007-03-01,20.700580710764495,21.68956291393412,20.107991745119463,21.12099838256836,55174800.0,0.0,0.0
2007-04-01,21.26514320204749,22.646516943865546,19.939824949494348,20.015901565551758,55318600.0,0.0,0.0
2007-05-01,20.067953482564565,21.25313308660899,19.535424773606746,20.508392333984375,70721600.0,0.0,0.0
2007-05-17,,,,,,0.025,0.0
2007-06-01,20.580599432518827,20.708852319245292,19.674813228901304,19.82711410522461,47039600.0,0.0,0.0
2007-07-01,19.935326337407133,21.466346400844007,18.39629027801204,18.88124656677246,51125400.0,0.0,0.0
2007-08-01,18.833160473456903,19.682836546272185,17.10174280087576,19.177839279174805,100245400.0,0.0,0.0
2007-08-01,,,,,,0.6985,0.0
2007-08-16,,,,,,0.025,0.0
2007-09-01,19.84810083120508,19.88945041031596,17.780590327954553,18.744050979614258,47654600.0,0.0,0.0
2007-10-01,18.59931994114066,19.8729068699554,17.89223189323395,19.480079650878906,49714600.0,0.0,0.0
2007-11-01,19.3519036237675,20.046587481110738,17.453928366630766,18.760595321655273,67505200.0,0.0,0.0
2007-11-15,,,,,,0.0375,0.0
2007-12-01,18.639302256401564,19.103213336807052,17.699052819636517,18.5854549407959,50862800.0,0.0,0.0
2008-01-01,18.419776107171273,20.13044897973632,17.910301954753923,19.293752670288086,74844200.0,0.0,0.0
2008-02-01,19.186063208539125,19.670686096280445,17.10260303681447,17.280712127685547,55416200.0,0.0,0.0
2008-02-13,,,,,,0.0375,0.0
2008-03-01,17.21006706622186,17.703797934119294,15.940471370989357,17.00261688232422,69163000.0,0.0,0.0
2008-04-01,17.193476126559393,17.608376625988413,16.14377836947431,16.824214935302734,65534400.0,0.0,0.0
2008-05-01,16.956979385554682,17.83241950760778,16.86155248077574,17.14783477783203,47051000.0,0.0,0.0
2008-05-15,,,,,,0.0375,0.0
2008-06-01,17.116774606324636,17.60725054390129,16.18570118320749,16.622142791748047,53104600.0,0.0,0.0
2008-07-01,16.447562336656933,18.475970787245735,15.254626104603137,17.403573989868164,66316400.0,0.0,0.0
2008-08-01,17.391106574036563,18.052001937457828,16.61382764002272,17.046110153198242,65178600.0,0.0,0.0
2008-08-14,,,,,,0.0375,0.0
2008-09-01,17.19295142811983,17.59269028170196,15.235894440045115,15.677273750305176,86421600.0,0.0,0.0
2008-10-01,15.51071034645429,15.639793339960868,11.575778142220038,13.020668983459473,109504800.0,0.0,0.0
2008-11-01,13.016504270269264,13.253849228919542,11.101087630146525,13.053979873657227,85750400.0,0.0,0.0
2008-11-20,,,,,,0.05,0.0
2008-12-01,12.617737586031687,14.974162436566568,12.066233168528576,14.898957252502441,78220800.0,0.0,0.0
2009-01-01,15.041006840617703,16.072987542199087,14.443544496944527,15.174704551696777,96856600.0,0.0,0.0
2009-02-01,14.924028905969866,16.332034498180924,13.22355803580186,13.269516944885254,77251600.0,0.0,0.0
2009-02-12,,,,,,0.05,0.0
2009-03-01,13.099845514905113,14.013106365630764,11.52049077026634,13.682153701782227,111860000.0,0.0,0.0
2009-04-01,13.556476861074762,15.487730427979207,13.32187718505494,14.092702865600586,80875800.0,0.0,0.0
2009-05-01,14.109458428473705,15.743274013443168,14.075943508662544,15.542187690734863,67360000.0,0.0,0.0
2009-05-14,,,,,,0.05,0.0
2009-06-01,15.707687216662636,15.955548623614133,14.60281332439721,14.905288696289062,85780800.0,0.0,0.0
2009-06-16,,,,,,0.0,2.0
2009-07-01,14.997709557971884,17.45111639929468,14.737245588561738,16.568897247314453,71870100.0,0.0,0.0
2009-08-01,16.62771606893547,18.03926407616263,16.18240527933526,17.904830932617188,62543400.0,0.0,0.0
2009-08-20,,,,,,0.06,0.0
2009-09-01,17.88072037194631,19.245790256299273,17.585799304610145,18.858177185058594,56172200.0,0.0,0.0
2009-10-01,18.84132573843446,20.105278682808166,18.066101201597284,18.664371490478516,68404300.0,0.0,0.0
2009-11-01,18.74863416768182,21.225982233562068,18.596959566701518,20.804664611816406,61482100.0,0.0,0.0
2009-11-19,,,,,,0.08,0.0
2009-12-01,20.923629836668912,22.470710281305593,20.407935817633028,22.0395565032959,69234100.0,0.0,0.0
2010-01-01,22.225543354844184,23.671175057589544,21.69294101306475,23.04557991027832,67836100.0,0.0,0.0
2010-02-01,23.214659252695096,24.186869538690846,22.529886411338733,23.704992294311523,75565700.0,0.0,0.0
2010-02-10,,,,,,0.08,0.0
2010-03-01,23.715665403326057,24.953595180250502,23.410423751712123,24.521167755126953,65730200.0,0.0,0.0
2010-04-01,24.58051639878285,26.95462728495572,24.097215710388692,26.157604217529297,78430100.0,0.0,0.0
2010-05-01,26.310231209795838,27.09877366323196,24.546606404830353,26.522205352783203,90424800.0,0.0,0.0
2010-05-20,,,,,,0.08,0.0
2010-06-01,26.377393758950863,28.28153022931106,25.765348793267535,26.989437103271484,96287400.0,0.0,0.0
2010-07-01,26.8874250175806,27.99250513836754,23.64869350712851,25.4763240814209,134598800.0,0.0,0.0
2010-08-01,25.73984574306285,26.173377015277612,23.028150901419586,23.18966293334961,65043200.0,0.0,0.0
2010-08-20,,,,,,0.08,0.0
2010-09-01,23.406867844591442,27.123326748136847,23.406867844591442,26.134544372558594,61005500.0,0.0,0.0
2010-10-01,26.29649676760776,28.83664579572729,25.91291675264069,27.9842472076416,61712400.0,0.0,0.0
2010-11-01,28.060958539766325,28.43601598060616,26.006679802265104,26.29649543762207,66689500.0,0.0,0.0
2010-11-18,,,,,,0.1,0.0
2010-12-01,26.64734492174595,29.69177961303346,26.570378775379986,29.17867088317871,53768500.0,0.0,0.0
2011-01-01,29.29839281324888,31.709997442685516,28.999081859331163,30.66667938232422,55700600.0,0.0,0.0
2011-02-01,30.88047633073087,32.454003890966995,29.41812281754672,32.419795989990234,50224000.0,0.0,0.0
2011-02-16,,,,,,0.1,0.0
2011-03-01,32.508616021232214,34.21508399029766,30.82787590264744,33.923526763916016,54907400.0,0.0,0.0
2011-04-01,34.08645447350231,36.444636858461585,33.32326142503196,34.849647521972656,52278900.0,0.0,0.0
2011-05-01,34.952541932731606,36.44462937468581,34.63526019292996,35.34700393676758,47413800.0,0.0,0.0
2011-05-20,,,,,,0.115,0.0
2011-06-01,35.33267761183464,35.87440612369071,34.223425085720244,35.5992431640625,47145300.0,0.0,0.0
2011-07-01,35.573437802482154,37.37919808131005,32.348869390504426,32.94219207763672,68994300.0,0.0,0.0
2011-08-01,32.976575874335246,34.395386895869756,29.51984237787608,34.034236907958984,90856000.0,0.0,0.0
2011-08-18,,,,,,0.115,0.0
2011-09-01,34.04946991294823,34.81704863107757,32.0399664105402,32.14345932006836,56932700.0,0.0,0.0
2011-10-01,31.91920587419731,36.498806920213376,29.961451389739075,35.18788528442383,58200800.0,0.0,0.0
2011-11-01,34.07532627339738,35.10164171707478,30.832522551893742,32.03995132446289,45238900.0,0.0,0.0
2011-11-17,,,,,,0.13,0.0
2011-12-01,32.03722448218442,32.703585292873875,30.7737366962672,32.18434143066406,47960400.0,0.0,0.0
2012-01-01,32.68626642629638,34.806504094061815,32.478568287295914,33.72475051879883,45855100.0,0.0,0.0
2012-02-01,33.94974494804616,34.529566429687044,31.249689653331618,32.34009552001953,59842600.0,0.0,0.0
2012-02-15,,,,,,0.13,0.0
2012-03-01,32.296140498898104,34.52795212275116,31.436417151692936,34.44111251831055,58588200.0,0.0,0.0
2012-04-01,34.4758434789692,34.51058063957962,31.50588250113733,32.31350326538086,56808500.0,0.0,0.0
2012-05-01,32.183247793718564,32.63482099838435,30.81115959730503,32.122459411621094,61480000.0,0.0,0.0
2012-05-17,,,,,,0.13,0.0
2012-06-01,31.940350310144627,34.29338836669922,31.3913065455173,34.29338836669922,40673100.0,0.0,0.0
2012-07-01,34.45024783025988,35.173591358273825,32.166928444838646,34.59840393066406,54090200.0,0.0,0.0
2012-08-01,34.76399474150056,34.95572503472368,32.01006594331952,33.570045471191406,69694000.0,0.0,0.0
2012-08-17,,,,,,0.13,0.0
2012-09-01,33.68656430502902,34.49986946369203,32.462233025999836,33.85272216796875,58291000.0,0.0,0.0
2012-10-01,33.92269378840475,35.811660317854646,33.835239626464606,34.49113082885742,47227000.0,0.0,0.0
2012-11-01,34.58732431481284,36.93978926154721,34.552342654511385,36.922298431396484,49398800.0,0.0,0.0
2012-11-15,,,,,,0.21,0.0
2012-12-01,37.151301391080125,38.69854162792429,36.94031622013245,37.960086822509766,52711500.0,0.0,0.0
2013-01-01,38.32052213557921,40.957860194866015,37.81063516774702,39.88534164428711,43842000.0,0.0,0.0
2013-02-01,39.91170829961279,41.76663283245159,39.91170829961279,41.494110107421875,37727800.0,0.0,0.0
2013-02-13,,,,,,0.21,0.0
2013-03-01,41.698181505200964,46.05167668164295,41.40676947867323,45.43353271484375,56654800.0,0.0,0.0
2013-04-01,45.3717071370832,50.2550368347618,45.292231456261455,47.79129409790039,67533400.0,0.0,0.0
2013-05-01,47.738308366075856,48.992254143847624,46.996536533054716,47.7559700012207,46150300.0,0.0,0.0
2013-05-16,,,,,,0.21,0.0
2013-06-01,47.876926922502484,49.986668465823385,46.4320229822878,49.49026107788086,57737400.0,0.0,0.0
2013-07-01,49.73847540976976,52.566236353021154,48.22265387192289,51.6531982421875,43659200.0,0.0,0.0
2013-08-01,51.75956978744663,52.965136618038876,49.85371334391179,50.45649337768555,33339700.0,0.0,0.0
2013-08-15,,,,,,0.21,0.0
2013-09-01,51.120166136872136,55.55069882077297,50.89774981703492,54.35854721069336,22285100.0,0.0,0.0
2013-10-01,54.429717995592775,58.70011373246661,54.073850552918806,58.121829986572266,31194900.0,0.0,0.0
2013-11-01,58.31755615866566,63.308578438039184,57.9705872761515,62.748085021972656,28488800.0,0.0,0.0
2013-11-14,,,,,,0.235,0.0
2013-12-01,63.19622797253698,63.72293432357645,60.47340432960718,62.76771545410156,33235300.0,0.0,0.0
2014-01-01,62.589177490759546,64.20501342666651,59.03611609648884,60.009193420410156,39120600.0,0.0,0.0
2014-02-01,59.92884785111596,61.79465352500616,57.38457357851692,60.57161331176758,34245200.0,0.0,0.0
2014-02-13,,,,,,0.235,0.0
2014-03-01,60.11956744920577,62.39499219921741,56.91247223846345,58.75789260864258,38425600.0,0.0,0.0
2014-04-01,58.766851664681624,59.85081261537672,56.0345520166498,58.390602111816406,42956800.0,0.0,0.0
2014-05-01,58.014357202249855,65.90667234208004,57.19914293777359,65.55729675292969,44089700.0,0.0,0.0
2014-05-15,,,,,,0.235,0.0
2014-06-01,65.90388572496273,66.35337343414106,63.82725470332304,65.3195571899414,31264700.0,0.0,0.0
2014-07-01,65.32851568914907,71.13589372926862,64.73519571853686,69.14017486572266,32776600.0,0.0,0.0
2014-08-01,69.18512620505274,70.04814151958094,67.1174874906527,69.57168579101562,25335600.0,0.0,0.0
2014-08-14,,,,,,0.235,0.0
2014-09-01,69.89530107066764,70.87821450252238,68.27213306959331,69.7059326171875,28143900.0,0.0,0.0
2014-10-01,70.52652334622296,77.54220256837758,67.01868373514564,77.0191879272461,48207100.0,0.0,0.0
2014-11-01,77.37989809595811,82.59206135503936,77.17249748453953,82.10511779785156,31704700.0,0.0,0.0
2014-11-13,,,,,,0.29,0.0
2014-12-01,82.0034584269489,83.99383088391514,80.75495282057211,81.56919860839844,32680200.0,0.0,0.0
2015-01-01,81.9763145040573,90.65253733368023,80.99017050857177,85.99325561523438,44102500.0,0.0,0.0
2015-02-01,86.4637098970496,93.8280977597278,84.68141823033807,92.96862030029297,33069500.0,0.0,0.0
2015-02-12,,,,,,0.29,0.0
2015-03-01,93.07007041127318,104.10382687418723,92.55286350974707,103.14199829101562,44467700.0,0.0,0.0
2015-04-01,103.37792009417905,109.502741991542,101.09132296518138,103.71365356445312,38211000.0,0.0,0.0
2015-05-01,104.45770385372069,105.51026222034578,102.13480377197266,102.13480377197266,41601900.0,0.0,0.0
2015-05-14,,,,,,0.29,0.0
2015-06-01,102.62202535352299,103.48623416446246,96.22691207830528,96.73633575439453,38556600.0,0.0,0.0
2015-07-01,97.49136451105025,104.98720656416596,94.72590923034387,96.1996078491211,43472400.0,0.0,0.0
2015-08-01,96.19960526652231,98.10995064969724,83.21834716517398,92.0150375366211,50259800.0,0.0,0.0
2015-08-13,,,,,,0.29,0.0
2015-09-01,88.98739626732647,98.68432859247058,85.81285574403434,86.652099609375,42480700.0,0.0,0.0
2015-10-01,86.65211260302785,93.63062411520285,82.84814209017358,88.0386962890625,69505100.0,0.0,0.0
2015-11-01,88.9509175263439,92.00686493129432,87.77414834849414,89.98172760009766,35872100.0,0.0,0.0
2015-11-12,,,,,,0.34,0.0
2015-12-01,90.47730485960825,96.85758560305912,89.73583987822671,94.93526458740234,40736200.0,0.0,0.0
2016-01-01,93.65371900925614,94.65149955570405,79.72145675083978,81.98247528076172,60277000.0,0.0,0.0
2016-02-01,81.57052901273123,82.28453319431283,73.68900842272093,79.29120635986328,58845400.0,0.0,0.0
2016-02-18,,,,,,0.34,0.0
2016-03-01,79.76598034273971,82.49529419173946,78.4886225075677,79.53623962402344,44627500.0,0.0,0.0
2016-04-01,79.59137895134279,84.9856938082439,77.23883612297806,78.20374298095703,49934300.0,0.0,0.0
2016-05-01,78.28644050901288,79.0951252214612,67.36915832974816,68.9038314819336,69414500.0,0.0,0.0
2016-05-19,,,,,,0.34,0.0
2016-06-01,69.01389126752244,73.23263729506384,67.7953477575081,73.22340393066406,55301900.0,0.0,0.0
2016-07-01,73.19571893066583,80.35928216318511,73.02955356816172,78.64224243164062,39937600.0,0.0,0.0
2016-08-01,78.72531566185916,83.58103018442229,78.56838367659034,80.2854232788086,44163200.0,0.0,0.0
2016-08-18,,,,,,0.34,0.0
2016-09-01,80.6306002580718,81.95575575910284,73.52294416889306,74.85736846923828,47867900.0,0.0,0.0
2016-10-01,74.76468443161612,75.77476415305586,63.36649599341412,65.16426086425781,49113400.0,0.0,0.0
2016-11-01,64.72872233274371,76.52538476060525,63.672305646072054,72.27191162109375,81570700.0,0.0,0.0
2016-11-17,,,,,,0.365,0.0
2016-12-01,72.50557740962518,74.70271676472574,68.76299666913225,72.794189453125,40754000.0,0.0,0.0
2017-01-01,73.09209493770496,81.77823432632277,72.90589250261608,81.25688171386719,51239800.0,0.0,0.0
2017-02-01,81.65720864685282,87.97863752906669,80.14900087502602,85.19497680664062,40007900.0,0.0,0.0
2017-02-16,,,,,,0.365,0.0
2017-03-01,86.17302043174557,86.75255021248223,79.65793157509123,82.7238540649414,37416000.0,0.0,0.0
2017-04-01,82.63973324025436,83.42490539737103,74.21778841285786,76.69483184814453,31016600.0,0.0,0.0
2017-05-01,76.94721759444545,85.79913993713859,75.7788013851448,85.78044128417969,37803500.0,0.0,0.0
2017-05-18,,,,,,0.365,0.0
2017-06-01,86.08854228375614,91.8521842241635,85.45022328245322,88.73568725585938,26682300.0,0.0,0.0
2017-07-01,89.04545151268773,89.81518841545054,84.76496406920121,88.06919860839844,20883100.0,0.0,0.0
2017-08-01,88.34140441861045,88.39772434798549,72.92789162094836,75.33097076416016,46421900.0,0.0,0.0
2017-08-17,,,,,,0.365,0.0
2017-09-01,75.87415639972637,79.9762253572157,73.87498386937202,78.03363800048828,29040400.0,0.0,0.0
2017-10-01,78.24110132275298,80.9098063576985,71.159133992032,72.564208984375,45747900.0,0.0,0.0
2017-11-01,73.06401280371907,81.1927093231136,67.80204445621162,79.98566436767578,47165800.0,0.0,0.0
2017-11-17,,,,,,0.38,0.0
2017-12-01,79.57002830979536,89.48074979112769,76.94548306607606,86.99832916259766,34930800.0,0.0,0.0
2018-01-01,87.31101311481414,100.68953789445452,87.28258963386735,94.43611907958984,33370900.0,0.0,0.0
2018-02-01,92.60746963991538,96.64377030616672,81.29446850198515,90.16295623779297,57519900.0,0.0,0.0
2018-02-16,,,,,,0.38,0.0
2018-03-01,90.2109919743068,96.44129875994443,78.83474331252752,82.00221252441406,35061500.0,0.0,0.0
2018-04-01,81.89756504300601,89.62124059321486,77.59818379294752,86.15890502929688,32386500.0,0.0,0.0
2018-05-01,86.03524901954377,90.36317227886319,77.96915096847393,78.13085174560547,33922600.0,0.0,0.0
2018-05-18,,,,,,0.38,0.0
2018-06-01,78.97011554525014,90.64461667172675,78.47332392099466,81.4636001586914,29455600.0,0.0,0.0
2018-07-01,81.01459231649856,85.55255575582171,78.12939884807173,78.17716979980469,25119300.0,0.0,0.0
2018-08-01,78.02430722869113,86.3550537639275,73.83027430606103,85.95380401611328,30628800.0,0.0,0.0
2018-08-17,,,,,,0.38,0.0
2018-09-01,85.90946401241374,88.76895797689438,80.01776219410408,88.49068450927734,23156100.0,0.0,0.0
2018-10-01,88.99925873496316,91.01433482705298,79.71071046849565,84.44134521484375,31094100.0,0.0,0.0
2018-11-01,84.86354986003049,88.84572087123613,77.03353110696408,85.30494689941406,31257900.0,0.0,0.0
2018-11-16,,,,,,0.4,0.0
2018-12-01,85.76653345789438,87.00030569872308,66.85509764620329,71.71308135986328,26767500.0,0.0,0.0
2019-01-01,71.07690947206581,82.75920351839171,69.92989081223557,80.359130859375,32148800.0,0.0,0.0
2019-02-01,78.86511036503433,84.36889562121623,76.82167048227979,80.29166412353516,25735700.0,0.0,0.0
2019-02-15,,,,,,0.4,0.0
2019-03-01,81.06191921202554,81.60420182282631,73.14068481775233,77.00446319580078,30672800.0,0.0,0.0
2019-04-01,77.50800542134026,77.71136136826186,68.31821534812622,72.39503479003906,30895300.0,0.0,0.0
2019-05-01,72.75333775200833,79.48348614678689,70.72945627949704,75.39698028564453,34444200.0,0.0,0.0
2019-05-17,,,,,,0.4,0.0
2019-06-01,76.0407684191273,84.78175346155841,76.0407684191273,82.99073028564453,28021800.0,0.0,0.0
2019-07-01,83.49689013515639,91.69278279143288,82.27042404240693,84.83042907714844,24853400.0,0.0,0.0
2019-08-01,88.46114474039511,92.22814389815801,78.26981940475395,80.08030700683594,32619000.0,0.0,0.0
2019-08-16,,,,,,0.4,0.0
2019-09-01,80.06347969280019,86.50806281572382,78.65525198598085,80.5133285522461,24151400.0,0.0,0.0
2019-10-01,80.66001430786277,88.01407604571096,77.99025071828278,83.49601745605469,26705900.0,0.0,0.0
2019-11-01,84.02410514410468,88.80620281201332,80.28839677761674,85.97019958496094,22732000.0,0.0,0.0
2019-11-15,,,,,,0.4,0.0
2019-12-01,86.3320211750689,87.64856366512576,81.12478364929014,83.53189849853516,20963200.0,0.0,0.0
2020-01-01,84.14105579507671,90.80238530984929,81.5570909746906,84.06245422363281,27647000.0,0.0,0.0
2020-02-01,84.4358023427751,95.79346630846875,80.04403914960342,82.84415435791016,31024600.0,0.0,0.0
2020-02-13,,,,,,0.42,0.0
2020-03-01,83.41626732058475,89.56418679219125,71.11056555392442,87.3339614868164,59843200.0,0.0,0.0
2020-04-01,87.04777600116942,90.86678898954709,78.94594889888593,88.47867584228516,31240000.0,0.0,0.0
2020-05-01,87.18593155144741,95.21868131796373,80.43605647700514,94.08383178710938,26819900.0,0.0,0.0
2020-05-15,,,,,,0.42,0.0
2020-06-01,94.06055365072085,102.52045618579886,91.80921297930836,99.94181823730469,30032900.0,0.0,0.0
2020-07-01,100.12033322332552,104.21639540838089,93.98121126231133,99.36658477783203,20269000.0,0.0,0.0
2020-08-01,99.98149212068873,105.57513926078585,95.47880313391549,96.23255920410156,17338500.0,0.0,0.0
2020-08-14,,,,,,0.42,0.0
2020-09-01,97.04586725583563,99.67491844461486,91.6184716996846,96.51806640625,20047700.0,0.0,0.0
2020-10-01,96.91640890133115,100.30231045476853,91.85747408606326,95.67159271240234,19362400.0,0.0,0.0
2020-11-01,96.95624160345525,110.78863815493405,95.31308275396593,102.6823959350586,22928600.0,0.0,0.0
2020-11-13,,,,,,0.44,0.0
2020-12-01,103.8499984741211,104.43000030517578,95.7699966430664,97.76000213623047,19417800.0,0.0,0.0
2021-01-01,97.8499984741211,110.38999938964844,94.88999938964844,110.12999725341797,8466700.0,0.0,0.0
2021-01-07,106.55000305175781,110.38999938964844,106.2405014038086,110.12999725341797,2046800.0,0.0,0.0
